id,first_name,last_name,shipping_address_1,shipping_address_2,city,state,zip
10015,Kimberly,Day,192 Birch Cir.,,Townville,FL,79050
10016,Kathryn,Mills,89 Meadow Hwy,,Kansas City,FL,34961
10017,Isabel,Simmons,233 Flower Hwy,,Nilbog,AR,27839
10018,Noah,Jensen,221 North Way,Apt.  779,Bristol,IL,6286
10019,Maria,Hodges,54 Oak St.,,Duluth,IL,225
10020,Maria,Ramsey,8 Goose Blvd.,,Dover,NM,91619
10021,Alex,Hansen,237 Birch Hwy,,Halloweentown,OH,28652
10022,Sean,Francis,292 Smith St.,,Milton,MT,73052
10023,Kaylee,Bennett,27 North St.,,Nilbog,OH,76777
10024,Cody,Roberts,156 Oak Rd.,,Townville,DE,95110
10025,Grace,Barnett,163 Goose Blvd.,,Franklin,WV,90349
10026,Isaiah,Jacobs,236 Meadow St.,,Louisville,CA,85447
10027,Tyler,Fleming,213 Flower St.,,Harrisburg,MA,37877
10028,Hailey,Lee,28 Forest Hwy,,Barre,IN,55417
10029,Gabriel,Henderson,164 Mountain Blvd.,Unit 470,Worcester,UT,43167
10030,David,Daniels,270 Front St.,Unit 793,Los Feliz,TX,45638
10031,Daniel,Weber,168 Smith St.,,Big City,VA,65860
10032,Cheyenne,Wallace,276 White Blvd.,,San Juan,GA,55703
10033,Alexandra,Valdez,177 Forest St.,,Wilmington,CO,62561
10034,Jake,Palmer,104 Goose Way,,Pittsburgh,TN,45461
10035,Faith,Stewart,280 Birch St.,,Dover,HI,71977
10036,Haley,Mcdonald,253 Mountain St.,,Clinton,CO,93393
10037,Nathan,Nguyen,273 Forest St.,,Halloweentown,ND,35257
10038,Kaylee,Silva,107 Oak Rd.,,Louisville,AZ,76181
10039,Marissa,Jenkins,259 Riverside St.,,Milton,ND,6910
10040,Madison,Shaw,121 Forest Rd.,,Los Feliz,UT,78638
10041,Danielle,Schneider,247 Split-Rock St.,Apt.  237,Big City,MO,15271
10042,Mackenzie,Burke,259 Split-Rock Way,Apt.  974,Clinton,AZ,48051
10043,Nicole,Moss,201 Main Rd.,Unit 470,Kansas City,KS,52949
10044,Jeremy,Torres,207 Meadow Rd.,,Bristol,AZ,52450
10045,Jasmine,Simon,102 Split-Rock St.,,Portland,HI,16670
10046,Chase,Bowen,137 Birch Rd.,,Worcester,MI,84042
10047,Jake,Russell,127 Messenger Way,,San Juan,OH,34201
10048,Steven,Hart,42 Front St.,,San Juan,OR,17695
10049,Trinity,Carter,70 Fox St.,Suite 257,Barre,RI,10699
10050,Rachel,Lewis,61 Split-Rock Blvd.,,Riverside,MT,39751
10051,Adam,Beck,114 Second St.,,Fairview,MN,35646
10052,Caleb,Mendoza,146 Mountain Blvd.,,Kansas City,DE,1439
10053,Victor,Alexander,23 Front Blvd.,,Portland,IN,35574
10054,Kayla,Graves,284 Main Hwy,Apt.  815,Franklin,MD,10995
10055,Jacob,Austin,177 Flower Blvd.,Unit 744,Clinton,WA,93097
10056,Leslie,Harmon,93 Riverside St.,,Greenville,PA,21748
10057,Brandon,Burke,255 River Cir.,,Townville,NY,27598
10058,Samuel,Gray,209 Split-Rock St.,,Dover,SC,49045
10059,James,Cummings,208 Old Town Rd.,,Salem,NY,67552
10060,Paige,Martin,296 Goose Cir.,Apt.  608,Halloweentown,TN,60980
10061,Maria,Santiago,79 Old Town St.,,Dover,MN,9336
10062,Julia,Moody,141 Front Cir.,,Worcester,AL,95319
10063,Connor,Barber,193 Second St.,,Fairview,MI,55982
10064,Angela,Carlson,249 Messenger Cir.,,Halloweentown,MN,43336
10065,Seth,Byrd,120 Messenger Rd.,Suite 837,Halloweentown,SC,7948
10066,Kenneth,Harper,287 Old Town Way,,Worcester,AR,18350
10067,Cheyenne,Hawkins,11 Oak Hwy,,Bristol,LA,66061
10068,Emily,Paul,143 Downing Hwy,Apt.  279,Winston,WA,56430
10069,Kelsey,Sutton,102 Goose Blvd.,Suite 427,Bristol,MD,12365
10070,Megan,Henderson,108 Goose St.,,St. Johnsbury,VT,661
10071,Olivia,Williams,276 Front Hwy,,Fairview,MT,94569
10072,Sean,Warner,143 Main Rd.,,Milton,AR,56369
10073,Kimberly,Curtis,53 North Cir.,,Townville,MA,17485
10074,Brittany,Mendez,48 Goose Rd.,,Franklin,WV,25988
10075,Zachary,Cunningham,294 Church St.,,Salem,GA,82285
10076,Madison,Bowman,250 Split-Rock Rd.,,Los Feliz,KY,98385
10077,Noah,Webb,222 Main Rd.,,Big City,NY,86236
10078,Elijah,Ward,239 Downing Blvd.,,San Juan,NV,89442
10079,Alexandra,Austin,118 Split-Rock Cir.,,Pittsburgh,VT,99443
10080,Gabriel,Duncan,92 North Rd.,,Nilbog,MT,57951
10081,Mary,Tyler,283 Split-Rock Cir.,,Harrisburg,MD,90995
10082,Mark,Alvarez,107 Flower Cir.,,Milton,NM,94514
10083,Caitlin,Morgan,153 Riverside Hwy,,Townville,MN,78199
10084,Kayla,West,165 Second St.,,Harrisburg,NC,91257
10085,Paul,Lowe,79 Messenger Cir.,,Portland,WA,59858
10086,Marcus,Reese,187 Main Hwy,,Duluth,NJ,48079
10087,Miguel,Fernandez,24 Split-Rock Rd.,,Duluth,CT,59014
10088,Isaiah,Duncan,249 Riverside St.,Suite 419,Duluth,LA,42220
10089,Sydney,Williams,33 Fox St.,,Bristol,ND,35279
10090,Sarah,Fields,157 Rabbit St.,Unit 864,Big City,DE,54574
10091,Caroline,Simmons,25 Flower Cir.,Apt.  546,Clinton,OH,83837
10092,Jordan,Stephens,155 Main St.,,Johnson,SD,7132
10093,Victor,Cooper,5 Mountain Blvd.,,Wilmington,AL,23625
10094,Anthony,Maxwell,136 Bank Blvd.,Suite 374,Salem,VT,98472
10095,Natalie,Brewer,80 Meadow Blvd.,,Salem,NH,2945
10096,Grace,Burgess,115 Front Hwy,,Dover,SD,65481
10097,Shelby,Keller,169 Oak Rd.,,Los Feliz,IA,80924
10098,Tanner,Wright,211 Mountain St.,,San Juan,TN,83056
10099,Kaitlyn,Terry,257 Old Town St.,,Townville,VA,13323
10100,Brianna,Perez,163 River Rd.,,Clinton,NV,18379
10101,Jordan,Rogers,126 Riverside St.,,Dover,IL,5087
10102,Austin,Goodwin,31 Church St.,,Louisville,WV,81815
10103,Jack,Flores,206 White Hwy,,Louisville,SD,19922
10104,Christina,Robinson,184 Riverside St.,Unit 923,Johnson,NH,97942
10105,Tanner,Ray,124 Front Blvd.,,Worcester,UT,66038
10106,Alexandria,Hardy,27 Fox St.,Apt.  633,Pittsburgh,VA,33094
10107,Dalton,Sharp,148 Old Town Cir.,Unit 464,Louisville,DE,71861
10108,Robert,Walters,267 Messenger Way,,Franklin,CT,44486
10109,Leah,Torres,118 Second St.,,Duluth,KS,31841
10110,Kenneth,Baker,268 White Hwy,,Townville,MD,81392
10111,Connor,Green,3 Smith Way,,Bristol,KY,44185
10112,Carlos,Ward,290 Fox Rd.,Unit 118,Franklin,AR,53707
10113,Rachel,Lee,124 River Way,Apt.  37,Wilmington,VT,5906
10114,Savannah,Sanders,299 Birch Cir.,,Nilbog,WI,68030
10115,John,Steele,265 Oak St.,,Georgetown,AL,67348
10116,Jennifer,Rodgers,249 Rabbit Hwy,,Madison,ME,93707
10117,Kyle,Sharp,70 Riverside St.,,Fairview,NY,56515
10118,Melissa,Crawford,112 Split-Rock Cir.,,Portland,HI,22579
10119,Alexis,Warner,251 Messenger Cir.,Apt.  21,Wilmington,MD,79531
10120,Antonio,Richards,59 Oak St.,Suite 482,Franklin,NY,44803
10121,Haley,Oliver,218 Riverside St.,,Nilbog,MD,7947
10122,Bailey,Griffith,71 Main Blvd.,,Milton,TX,31958
10123,Kayla,Lambert,90 Front St.,,Duluth,LA,74587
10124,Caroline,Brewer,229 Fox Way,,Louisville,NJ,86587
10125,Sara,Webster,180 Oak St.,,Franklin,WY,97579
10126,Gabriella,Baker,222 Birch Hwy,,Wilmington,WI,5554
10127,Leslie,Shelton,91 Main St.,,Harrisburg,NC,26845
10128,Sara,Norman,117 Split-Rock St.,,Big City,NJ,42816
10129,Melissa,Taylor,63 Mountain St.,Suite 375,Fairview,NM,84805
10130,Devin,Allen,21 Riverside St.,,Salem,NE,76858
10131,Leslie,Arnold,68 Riverside Rd.,,Barre,ME,9072
10132,Destiny,Hudson,136 Old Town Hwy,,Big City,UT,57976
10133,Elizabeth,Ford,222 Mountain Cir.,,San Juan,ID,54643
10134,Hailey,Wheeler,17 Second St.,,Los Feliz,WA,26494
10135,Katie,Joseph,67 Fox Blvd.,,Clinton,WY,32492
10136,Bailey,Parker,156 White Hwy,,San Juan,ME,10322
10137,Kaylee,Schneider,2 Main Rd.,,Townville,WI,29711
10138,Trevor,Vasquez,184 Goose Hwy,Apt.  848,Salem,WI,25169
10139,Paige,Osborne,31 Bank St.,,Pittsburgh,AR,37051
10140,Isabella,Davis,288 Goose St.,,Louisville,SD,1849
10141,Danielle,Mitchell,247 Mountain Rd.,,Milton,WV,58368
10142,Danielle,Lewis,159 Old Town Cir.,,Madison,OR,70954
10143,Leslie,Becker,126 Old Town Way,,Georgetown,ND,50185
10144,Isaiah,Hodges,77 Front Cir.,,Madison,MI,80003
10145,Gabriel,Jenkins,295 Second Cir.,,Harrisburg,UT,25474
10146,Kyle,Rhodes,98 Downing St.,,Johnson,NV,21285
10147,Nicholas,Bennett,200 Forest Way,,Salem,MI,96512
10148,Jessica,Hernandez,153 Second St.,Apt.  960,Winston,MI,42191
10149,Eric,Reed,173 Old Town St.,,Springfield,WV,51680
10150,William,Dixon,224 Fox St.,,Portland,AL,78837
10151,Kayla,Fernandez,94 Second Blvd.,Suite 868,San Juan,MI,67206
10152,Alejandro,Sharp,101 Goose St.,,Bristol,GA,52243
10153,Morgan,Robertson,152 Birch St.,,Madison,NM,44533
10154,Noah,Davidson,143 Forest St.,,Winston,NY,50695
10155,William,Mendoza,168 Riverside Way,,Worcester,MT,84956
10156,Carlos,Osborne,252 Birch Hwy,,Nilbog,MA,27752
10157,Aaron,Bowman,262 Mountain Rd.,Unit 850,Bristol,VT,58686
10158,Catherine,Reeves,0 Second St.,,Dover,CO,45510
10159,Katie,Reynolds,21 River Blvd.,,Worcester,ME,80370
10160,Gabriel,Dawson,144 North Blvd.,,Winston,KS,2515
10161,Jenna,Reid,252 Downing St.,,Greenville,NC,5069
10162,Jada,Simon,297 Forest Cir.,,Los Feliz,CT,85200
10163,Chloe,Edwards,9 Rabbit St.,,San Juan,AR,9610
10164,Jake,Burns,246 Forest St.,,Madison,OH,82466
10165,Logan,Wilson,87 Forest Rd.,,Oroville,NM,51903
10166,Charles,Tucker,172 Bank St.,Apt.  225,Barre,AK,33750
10167,Mariah,Gonzales,266 Split-Rock Cir.,,Louisville,AZ,6560
10168,Cheyenne,Henderson,201 Mountain Way,,Clinton,WI,99579
10169,Kyle,Cohen,39 Goose Blvd.,Apt.  33,Townville,IN,91531
10170,Mackenzie,Becker,156 Second Hwy,Apt.  284,St. Johnsbury,MT,84478
10171,Christina,Dawson,132 Second Rd.,,Riverside,SD,55866
10172,Rebecca,Wade,165 Riverside Hwy,,Springfield,MT,81338
10173,Eric,Porter,206 Forest St.,,Riverside,NM,66097
10174,Nicholas,Ramirez,283 Bank Blvd.,,Oroville,PA,91873
10175,Madison,Thornton,231 Riverside Way,,Georgetown,SD,99824
10176,Jacqueline,Fields,203 Downing Cir.,Suite 253,Danville,ND,73120
10177,Garrett,Montgomery,24 Church Blvd.,,Portland,AR,22452
10178,Amber,Klein,273 Oak Way,Unit 185,Louisville,WA,88665
10179,Justin,Diaz,212 White Rd.,Suite 565,Harrisburg,NH,73040
10180,Hunter,Gonzalez,226 Main Rd.,,Portland,SD,46382
10181,Molly,Dean,194 Birch St.,,Oroville,IA,83651
10182,Cole,Parsons,228 Smith St.,,Kansas City,WY,73507
10183,Mason,Quinn,9 Oak St.,,Pittsburgh,ND,11562
10184,Aaron,Goodman,228 Second Rd.,Suite 845,St. Johnsbury,WV,4349
10185,Maria,Vega,299 Downing Cir.,,Winston,MA,19942
10186,Alexis,Kelly,207 Riverside St.,,Fairview,AZ,6305
10187,Elizabeth,Ramsey,95 Church Cir.,,Kansas City,AZ,17937
10188,Molly,Lowe,42 Meadow St.,,Portland,SD,34242
10189,Sean,Sandoval,282 Birch Way,,Salem,WA,4033
10190,Jessica,Murphy,278 White St.,,Harrisburg,GA,65245
10191,Catherine,Bailey,188 Downing Cir.,Unit 854,Clinton,TX,65873
10192,Caroline,Hansen,177 Forest St.,,Dover,IA,12693
10193,Zachary,Francis,226 Rabbit St.,,Barre,TX,3954
10194,Christina,Little,148 Old Town Way,,Louisville,KY,23231
10195,Jacqueline,Klein,202 Downing St.,Apt.  544,Louisville,CO,96376
10196,Rebecca,Johnson,54 Birch St.,Suite 493,Halloweentown,AZ,14037
10197,Amanda,Mcdonald,132 Old Town Hwy,,Worcester,MD,66780
10198,Hannah,Gibbs,65 Mountain Hwy,,Wilmington,VA,315
10199,Victor,Graham,183 Bank St.,Suite 494,Danville,CT,50068
10200,Isabel,Reynolds,146 Goose Rd.,Unit 775,Worcester,MD,62941
10201,Savannah,Saunders,247 Forest St.,,Salem,VA,99112
10202,Jada,Miller,39 Church Rd.,,Greenville,IN,51776
10203,Jeremy,Maldonado,99 Mountain St.,,San Juan,AK,91141
10204,Christina,Ramos,176 Rabbit Cir.,,Oroville,UT,78309
10205,Antonio,Bradley,131 White Hwy,,Johnson,TN,64688
10206,Angel,Herrera,235 Church Cir.,,Portland,AL,60495
10207,Angel,Gilbert,143 Bank St.,,Wilmington,TN,11401
10208,Kaylee,Fernandez,263 Split-Rock Rd.,,Kansas City,WV,51902
10209,Austin,Diaz,262 Church Cir.,,Danville,NC,62371
10210,Brian,Anderson,201 Smith Blvd.,,Harrisburg,WI,13014
10211,Cameron,Moody,56 Old Town St.,Unit 312,St. Johnsbury,NH,10957
10212,Aaron,Andrews,122 Main St.,,Nilbog,SC,47559
10213,Amanda,Harrison,169 Rabbit St.,,Danville,NV,86702
10214,Katie,Carr,161 Rabbit Rd.,,Madison,UT,96122
10215,Cheyenne,Higgins,102 Old Town Blvd.,,Big City,LA,78668
10216,Brianna,Coleman,45 Split-Rock St.,,Milton,CT,95161
10217,Jada,Ballard,52 Bank Rd.,,Nilbog,FL,58896
10218,Mark,Fuller,224 Forest St.,Apt.  406,Dover,HI,5375
10219,Blake,Myers,139 Second Way,,Kansas City,RI,45260
10220,Stephanie,Simon,14 Old Town Cir.,,Big City,NJ,66916
10221,Mariah,Brewer,238 Oak Hwy,Apt.  887,Fairview,ID,21845
10222,Brandon,Love,91 White St.,,Johnson,RI,62412
10223,Logan,Parks,258 Downing Way,,Madison,MO,36572
10224,Austin,Moss,170 Birch Way,,St. Johnsbury,MD,29202
10225,Steven,Strickland,150 Bank Rd.,,Halloweentown,IL,36329
10226,Garrett,Watts,205 Rabbit St.,Suite 400,Clinton,OH,75523
10227,Julian,Rodgers,191 Birch St.,Suite 917,Dover,ND,18516
10228,Adam,Chambers,262 Front Rd.,,Halloweentown,MA,58891
10229,Allison,Warren,71 Messenger Rd.,,Harrisburg,KS,17691
10230,Sara,Rowe,101 White Rd.,Unit 287,Worcester,AL,74819
10231,Erin,Mack,237 Front Cir.,,Barre,AZ,43737
10232,Melissa,Wheeler,84 Mountain St.,Suite 340,St. Johnsbury,SC,95496
10233,Isabel,Price,280 Flower Rd.,,Pittsburgh,WV,90869
10234,Makayla,Bradley,15 Forest Rd.,,Big City,MA,64443
10235,Ian,Porter,91 Rabbit Rd.,,Oroville,AR,65654
10236,Michelle,Barrett,99 Mountain St.,Unit 206,Halloweentown,CA,15751
10237,Jordan,Reyes,36 Birch St.,,Bristol,KS,79417
10238,Noah,Kennedy,270 Meadow Way,,Winston,IL,3065
10239,Erin,Valdez,27 North St.,Suite 204,Madison,CT,34875
10240,Anna,Cruz,250 Downing Rd.,,Fairview,WY,81184
10241,Christina,Torres,156 Old Town St.,Unit 747,Georgetown,NC,59003
10242,Nicholas,Townsend,93 Church Hwy,,Georgetown,MT,70542
10243,Miguel,Hayes,158 Church St.,,Barre,WA,30998
10244,William,Townsend,225 Second St.,,San Juan,VT,6607
10245,Isaiah,Simpson,165 Bank St.,,Riverside,ME,20143
10246,Seth,West,2 White Cir.,Suite 792,Winston,KS,51243
10247,Andrew,Moody,297 Front Blvd.,,Franklin,CA,30649
10248,Rachel,Strickland,299 Main St.,,Halloweentown,SC,79200
10249,Samantha,Cole,141 Riverside Cir.,,Danville,DE,4156
10250,Angel,Dixon,77 Old Town St.,,Madison,SD,75343
10251,Gabrielle,Hunt,238 Bank Way,,Nilbog,VA,57456
10252,Sarah,Ramirez,158 Old Town St.,,Springfield,KY,97546
10253,Angela,Stephens,291 Forest Way,Apt.  242,Wilmington,ID,46692
10254,Paige,Barrett,206 Main Way,Suite 703,Pittsburgh,ID,60160
10255,Nathan,Bryant,191 Goose Blvd.,,Barre,NY,26634
10256,Jordan,Dunn,108 Messenger Cir.,,Portland,RI,25049
10257,Olivia,Thornton,27 North St.,,Portland,FL,83730
10258,Matthew,Alexander,205 Riverside St.,Suite 70,Springfield,KS,11859
10259,Haley,Vargas,209 Smith Blvd.,,Worcester,HI,80810
10260,Julian,Salazar,127 Forest St.,,Milton,AK,65464
10261,Jordan,Burgess,280 Downing St.,,Los Feliz,LA,1803
10262,Adrian,Greer,82 North Rd.,,Greenville,NH,99673
10263,Breanna,Roberts,227 Oak St.,,St. Johnsbury,AK,19028
10264,Kevin,Meyer,126 Main Way,,Madison,KS,73207
10265,Devin,Boyd,97 River Blvd.,,St. Johnsbury,WY,44321
10266,Noah,Cross,178 Split-Rock St.,,Springfield,AZ,51119
10267,Faith,Moore,209 Birch St.,,Kansas City,KS,33047
10268,Brandon,Sherman,292 Front Rd.,,Greenville,NV,12747
10269,Elijah,Townsend,174 Oak St.,,San Juan,RI,15270
10270,Maria,Sandoval,72 Messenger Rd.,,Salem,MN,94551
10271,Julia,Maldonado,25 Church Rd.,Unit 525,Big City,MN,25458
10272,Tanner,Welch,171 North St.,,Halloweentown,DE,9513
10273,Michelle,Pearson,89 Riverside St.,Unit 729,Worcester,TX,92135
10274,Alyssa,Farmer,16 Old Town Rd.,,Louisville,KY,98779
10275,Jackson,Osborne,150 Downing Rd.,Apt.  193,Portland,WA,29040
10276,Jacob,Beck,219 Goose Hwy,,Riverside,NC,31972
10277,John,Fletcher,66 Main Hwy,,Duluth,NC,80318
10278,Adrian,Sharp,210 Front St.,,Madison,MI,49238
10279,Jake,Romero,40 Fox Hwy,,Bristol,WV,72354
10280,Carlos,Schmidt,158 Flower Cir.,,Riverside,NJ,8698
10281,Laura,Potter,35 Bank Hwy,,Johnson,ME,39229
10282,Bryce,Scott,16 Smith Cir.,Unit 297,Worcester,NC,60180
10283,Destiny,Paul,119 Second Hwy,Unit 595,Worcester,AL,10445
10284,Marissa,Rodriguez,57 Downing Blvd.,Unit 735,Madison,NH,10127
10285,Timothy,Cunningham,249 Old Town Cir.,Unit 645,St. Johnsbury,MT,38696
10286,Abigail,Cooper,53 Church Rd.,,Salem,NY,69243
10287,Briana,Davis,277 River St.,,Townville,SD,89490
10288,Sierra,Norris,116 Forest St.,,Dover,IA,71934
10289,Cheyenne,Daniels,101 Smith St.,,Winston,MA,12514
10290,Steven,Barnes,12 Front Hwy,Suite 832,Madison,VA,81790
10291,Breanna,Berry,216 Riverside Way,Apt.  765,Nilbog,SC,24891
10292,Mia,Gray,21 Rabbit Rd.,,Johnson,NJ,74822
10293,David,Harrison,148 Split-Rock Hwy,Suite 512,Johnson,CO,8937
10294,Adam,Barker,123 Flower Blvd.,,Kansas City,KY,38657
10295,Eric,Bowen,207 Riverside Hwy,,Portland,KS,28441
10296,Luke,Cole,183 Messenger Rd.,,Salem,OR,94338
10297,Austin,Parker,191 Birch Hwy,Apt.  546,St. Johnsbury,AZ,21011
10298,Jacob,Silva,209 Main Rd.,,Kansas City,ME,27900
10299,Makayla,Hill,270 Bank St.,,Bristol,WA,7461
10300,Marcus,Estrada,13 Flower Way,Apt.  360,Fairview,MN,15124
10301,Robert,Wolfe,140 Second St.,Apt.  76,Pittsburgh,AR,20456
10302,Kaylee,Wallace,128 Front Way,,Wilmington,IA,73495
10303,Caroline,Knight,232 Goose Blvd.,,Big City,NM,45644
10304,Zoe,May,36 White Way,,Dover,MI,33782
10305,Jacob,Santiago,129 Flower Cir.,,Franklin,AK,56358
10306,William,Wise,164 Meadow Cir.,,Winston,NH,33612
10307,Alyssa,Gill,81 Old Town Hwy,,Franklin,IA,24891
10308,Kenneth,Coleman,233 Goose Rd.,Suite 606,Barre,CO,46062
10309,Sarah,Chandler,235 Bank St.,,Milton,FL,93690
10310,Autumn,Holt,79 Bank Hwy,,Harrisburg,IA,46321
10311,Tyler,Page,38 Main St.,,Greenville,UT,77646
10312,Grace,Davidson,71 White Rd.,,Townville,RI,33252
10313,Madeline,Young,161 Downing St.,,Franklin,OH,35824
10314,Adam,Baker,224 River St.,,Townville,IN,73248
10315,Julian,Houston,240 Meadow St.,,Townville,VA,200
10316,Dakota,Carlson,277 Fox Cir.,,Pittsburgh,SD,98894
10317,Julia,Malone,269 Mountain St.,,Los Feliz,FL,93216
10318,Morgan,Lyons,142 Goose Hwy,,Portland,HI,45132
10319,Juan,Lambert,99 Flower Cir.,,Fairview,LA,84871
10320,Cheyenne,Hicks,130 Riverside St.,Unit 338,Johnson,WY,24735
10321,Tanner,Reid,51 Fox Cir.,,Winston,IA,73392
10322,Zoe,Castillo,0 Fox Hwy,,Greenville,WA,64203
10323,Gabriella,Mills,287 Oak Rd.,,Winston,MT,84282
10324,Cheyenne,Watts,176 River St.,,Los Feliz,VT,46454
10325,Jenna,Barnett,100 Oak Way,,Portland,ND,8421
10326,Devin,Richards,264 Meadow Hwy,,Riverside,MO,44068
10327,Bryan,Rhodes,26 White St.,,Madison,NH,55509
10328,Sabrina,Lambert,149 River Way,,Townville,AK,66132
10329,Victor,Ferguson,263 Oak Blvd.,Suite 625,Dover,OR,52527
10330,Emily,Higgins,287 Forest Hwy,,Milton,ID,39146
10331,Mariah,Yates,296 Fox Rd.,,Winston,ME,9579
10332,Anna,Mccoy,7 Bank Blvd.,,Nilbog,NM,85418
10333,Kevin,Lewis,102 Oak Rd.,,Madison,KS,51631
10334,Jesus,Freeman,157 White Rd.,,Nilbog,ID,92316
10335,Cheyenne,Bishop,124 Fox Way,,Oroville,IN,75818
10336,Charles,Hamilton,102 Old Town Rd.,,Salem,NV,79481
10337,Christopher,Gomez,12 Second Way,,Bristol,VA,22648
10338,Cameron,Lawson,271 Smith St.,Apt.  523,Salem,MI,72643
10339,Erin,Lynch,261 Front Blvd.,,Fairview,VT,51681
10340,Catherine,Porter,158 Messenger Cir.,,Salem,CA,66686
10341,William,Reese,198 Second St.,,Greenville,MO,53851
10342,Jack,Schneider,118 Second St.,,San Juan,PA,79367
10343,John,Perkins,175 Main St.,Unit 153,Winston,NM,25619
10344,Joshua,Kim,115 Old Town St.,,Winston,AL,28325
10345,Nicholas,Webb,275 Main Way,,Johnson,AK,65668
10346,Luis,Thornton,56 Mountain St.,,Madison,HI,73797
10347,Grace,Conner,60 Second St.,,Milton,WA,6704
10348,Mariah,Elliott,204 Rabbit Hwy,,Franklin,NJ,8956
10349,Joshua,Campbell,13 Goose Rd.,,Fairview,CA,77361
10350,Emma,Welch,58 Main St.,,Wilmington,AR,25820
10351,Mason,Green,107 Birch St.,Apt.  393,Nilbog,HI,99569
10352,Morgan,Bowman,18 Front Hwy,Apt.  161,Nilbog,MA,84446
10353,Dakota,Kennedy,125 Main Blvd.,,Bristol,KY,86849
10354,Sabrina,Wilson,186 Bank St.,,Riverside,WV,50252
10355,Jackson,Ramirez,35 Old Town Way,,Greenville,CT,50201
10356,Breanna,Quinn,264 Meadow St.,,Salem,IA,20643
10357,Gabriel,Alvarez,254 Bank Cir.,,Wilmington,TX,78823
10358,Kaylee,Newton,157 Old Town Blvd.,,Riverside,RI,35069
10359,Juan,Caldwell,77 Second Cir.,,Townville,VT,88823
10360,Autumn,Day,141 North Blvd.,,Greenville,VA,67541
10361,Julian,Todd,55 Old Town St.,,Franklin,WV,84894
10362,Dalton,Alexander,295 Oak Rd.,,Greenville,UT,91306
10363,Ian,Reed,282 Flower Way,Unit 101,Winston,NV,81518
10364,Kathryn,Fowler,198 Front Rd.,,Dover,IA,33007
10365,Maria,Cole,111 Goose Hwy,,Pittsburgh,PA,57131
10366,Jacqueline,Reese,3 Split-Rock Hwy,,Harrisburg,AR,18344
10367,Michelle,Warner,294 Main Rd.,,Danville,RI,17342
10368,Tyler,Barnes,193 Second Hwy,,Fairview,PA,68357
10369,Isaiah,Conner,178 Downing Rd.,,Portland,MT,92839
10370,Jesse,Parker,165 Goose St.,,Bristol,MO,20748
10371,Caitlin,Hardy,255 Church Blvd.,,Madison,AR,54942
10372,Alyssa,Burns,129 Forest Rd.,,Bristol,ME,11361
10373,Nicole,Mitchell,99 Bank St.,,Fairview,VT,23814
10374,Kaitlyn,Sherman,23 Messenger Cir.,,Salem,PA,2938
10375,Jordan,Tate,124 North St.,,Duluth,NY,39675
10376,Katie,Myers,147 Meadow Way,Apt.  809,Townville,NM,60128
10377,Claire,Floyd,197 Mountain Blvd.,,Franklin,KS,70847
10378,Patrick,Dunn,140 Downing Blvd.,,Oroville,IL,70543
10379,Taylor,Carter,22 Bank Way,,Wilmington,VT,11667
10380,Zachary,Parker,94 Mountain Blvd.,,Big City,NE,57405
10381,Jose,Curry,25 Riverside Rd.,Unit 373,Springfield,OR,97736
10382,Gavin,Bishop,259 White Cir.,,Harrisburg,AR,45322
10383,Stephen,Watson,36 Old Town St.,Apt.  564,Franklin,AK,20419
10384,James,Castillo,221 Messenger Cir.,,Milton,KY,30103
10385,Gabrielle,Kelly,218 Church Hwy,,Greenville,MD,83481
10386,Erin,West,251 Riverside Way,,Los Feliz,AK,48329
10387,Robert,Perry,92 Bank Hwy,,Portland,MI,68638
10388,Steven,Lawson,142 Downing St.,,Franklin,GA,49203
10389,Justin,Watts,93 Church St.,,Clinton,AZ,83558
10390,Jennifer,Patterson,144 Split-Rock St.,Unit 591,Big City,DE,24244
10391,Mason,Ortega,250 Fox Way,,Los Feliz,CO,45030
10392,Jared,Gonzales,18 White St.,Suite 790,Los Feliz,OH,4547
10393,Sabrina,Bryant,179 Rabbit St.,,Pittsburgh,AZ,77359
10394,Jeremy,Pearson,96 Mountain St.,,Pittsburgh,OH,26805
10395,Seth,Jenkins,82 Fox Blvd.,,Big City,WY,93230
10396,Zachary,Morgan,174 Meadow Cir.,,Winston,WV,34750
10397,Alexandra,Lynch,14 Birch St.,Unit 645,Townville,HI,85579
10398,Haley,Kennedy,66 Bank St.,,Harrisburg,CO,18769
10399,Adrian,Barker,209 Smith St.,,Madison,MI,20547
10400,Autumn,Wade,292 Smith St.,Unit 800,Halloweentown,MD,61160
10401,Chloe,Larson,265 Oak St.,Suite 167,Franklin,OR,89348
10402,Robert,Nelson,151 Main St.,,Halloweentown,VT,88287
10403,Timothy,Thornton,266 Bank St.,,Pittsburgh,AR,45657
10404,Benjamin,King,56 Bank St.,,Nilbog,PA,37430
10405,Catherine,Holmes,250 Church St.,Suite 180,Harrisburg,AL,80702
10406,Jessica,Rivera,154 Meadow St.,,Harrisburg,FL,3355
10407,Zoe,Peterson,93 Riverside Way,,Harrisburg,ME,38989
10408,Courtney,Potter,91 Main St.,,St. Johnsbury,WY,78185
10409,Rachel,Henderson,5 Goose St.,,Georgetown,WA,59174
10410,Benjamin,Brooks,194 Mountain Blvd.,,Johnson,WY,17343
10411,Alexa,Norris,270 Rabbit St.,,Wilmington,NJ,4238
10412,Katelyn,Fowler,280 Bank Hwy,,Oroville,DE,77686
10413,Elizabeth,Patterson,249 Birch Way,,Duluth,NE,91529
10414,Jordan,Swanson,56 Flower Rd.,,Harrisburg,NM,10861
10415,Amanda,Coleman,296 Goose St.,,Barre,IA,19096
10416,Dalton,Newman,7 Front Rd.,Apt.  966,Louisville,NY,77819
10417,Jordan,Hopkins,235 Rabbit Cir.,,Louisville,WV,35820
10418,Mariah,Fuller,187 Main St.,,Oroville,MT,19631
10419,Caleb,Johnston,239 Flower Way,,Milton,UT,27947
10420,Jordan,Strickland,46 North Way,,Franklin,NV,57269
10421,Jordan,Harvey,54 Split-Rock Way,,Nilbog,ID,93051
10422,Elizabeth,Dawson,42 Fox Blvd.,,Louisville,CT,84319
10423,Kenneth,Brooks,123 Oak Blvd.,,Big City,WY,22168
10424,Kathryn,Quinn,0 Goose St.,,Fairview,HI,98953
10425,Sebastian,Murphy,190 Oak Cir.,,Nilbog,VT,60995
10426,Isaac,Walker,219 Second St.,Apt.  318,Oroville,TX,96910
10427,Charles,Pratt,162 Front Blvd.,Suite 476,Danville,VT,67070
10428,Makayla,Richardson,195 Church Rd.,,Fairview,FL,21890
10429,Vanessa,Burns,298 Meadow Way,Apt.  545,Dover,VA,56262
10430,Amber,Goodman,191 Messenger St.,Unit 230,San Juan,CT,92196
10431,Dalton,Simon,287 North Way,Unit 346,Nilbog,NM,49229
10432,Juan,Jordan,18 Goose Blvd.,,Nilbog,IL,218
10433,Dalton,Shelton,267 Bank St.,Unit 765,Townville,WI,22074
10434,Sabrina,Ball,293 Old Town St.,,Worcester,HI,3206
10435,Julian,Hernandez,56 Messenger St.,Suite 770,Barre,OH,34207
10436,Dylan,Ball,66 Messenger Hwy,,Barre,KY,62796
10437,John,Jensen,196 Old Town Blvd.,,Harrisburg,DE,34568
10438,Mark,Harrison,222 Forest Way,,Riverside,MT,2760
10439,Mary,Bowman,183 Old Town St.,,Oroville,NC,75063
10440,Bailey,Bush,213 Oak St.,,Kansas City,NY,29742
10441,William,Williamson,5 Downing Hwy,,Dover,KY,69956
10442,Laura,Hart,256 Smith Hwy,,Riverside,PA,7759
10443,Angela,Hart,291 White Rd.,,Milton,TN,35414
10444,Mason,Rose,223 Front St.,,Los Feliz,CT,85037
10445,Jack,Taylor,91 Oak Cir.,Unit 522,Salem,NV,31199
10446,Devin,Ferguson,151 North Rd.,,Townville,IL,39314
10447,Leah,Becker,272 Second St.,,Kansas City,IN,43509
10448,Leslie,Goodman,138 Main Rd.,Suite 285,Danville,UT,83484
10449,Trinity,Morris,155 Rabbit St.,Suite 438,Duluth,IN,16602
10450,Angela,Lee,167 Church St.,,Barre,RI,67491
10451,Stephanie,Alvarado,93 Messenger St.,,Kansas City,NJ,79175
10452,Michelle,Stephens,40 Oak St.,,Madison,DE,56744
10453,Eric,Price,137 Downing Cir.,,Greenville,NM,14317
10454,Justin,Stevens,189 Church St.,Apt.  280,Harrisburg,DE,94435
10455,Zachary,Mendez,62 Second St.,,Kansas City,NC,57448
10456,Jordan,Chandler,5 White Rd.,,Townville,ND,61900
10457,Steven,Mitchell,252 Second St.,,Pittsburgh,WI,6582
10458,Caroline,Quinn,24 Church Rd.,,Winston,NJ,82179
10459,Luis,Reese,296 Smith Cir.,,Los Feliz,NM,73498
10460,Isabel,Graves,133 Oak St.,Apt.  664,Springfield,NY,14959
10461,Samuel,Long,106 Mountain Rd.,,Fairview,IA,72428
10462,Sydney,Strickland,49 White St.,,Kansas City,AR,93307
10463,Marissa,Allen,78 White Cir.,,Dover,GA,15256
10464,Mariah,Terry,278 Church Way,Unit 233,Milton,WY,57060
10465,Isabel,Mann,106 Front Way,,Greenville,PA,61271
10466,Joshua,Erickson,234 Downing Rd.,,Townville,LA,12334
10467,Kathryn,Love,207 Messenger St.,,Portland,VA,76929
10468,Spencer,Hardy,78 Church St.,,Pittsburgh,UT,5414
10469,Grace,Ballard,142 Front Rd.,,Pittsburgh,KS,37221
10470,Angel,Greer,162 Church Cir.,,Worcester,MA,57985
10471,Richard,Chandler,213 Messenger Cir.,Apt.  866,San Juan,OR,71038
10472,Allison,Owens,93 Old Town Blvd.,,Townville,MI,76120
10473,Alexandria,Malone,30 Meadow Way,,Bristol,FL,44964
10474,Breanna,Hanson,176 River Blvd.,,Pittsburgh,ID,41068
10475,Tyler,Harmon,77 Main Rd.,,Wilmington,NH,37019
10476,Steven,Wright,85 Downing Blvd.,Suite 949,Franklin,KY,90120
10477,Vanessa,Dennis,245 Downing Cir.,,San Juan,MI,64227
10478,Thomas,Yates,96 Front St.,,Fairview,TN,4916
10479,Hunter,Owens,208 Messenger Hwy,,Riverside,OH,7207